[
  {
    "id": "ancenis",
    "name": "Ancenis",
    "departement_code": "44",
    "departement_nom": "Loire-Atlantique",
    "region": "Pays de la Loire",
    "lat": 47.37,
    "lng": -1.18,
    "hasRealData": true,
    "effectif_actuel": 293
  },
  {
    "id": "angers_agritec",
    "name": "Angers Agritec",
    "departement_code": "49",
    "departement_nom": "Maine-et-Loire",
    "region": "Pays de la Loire",
    "lat": 47.48,
    "lng": -0.56,
    "hasRealData": true,
    "effectif_actuel": 163
  },
  {
    "id": "angers_les_buissonnets",
    "name": "Angers Buissonnets",
    "departement_code": "49",
    "departement_nom": "Maine-et-Loire",
    "region": "Pays de la Loire",
    "lat": 47.47,
    "lng": -0.55,
    "hasRealData": true,
    "effectif_actuel": 374
  },
  {
    "id": "bazouges_chateau_gontier",
    "name": "Bazouges-Château-Gontier",
    "departement_code": "53",
    "departement_nom": "Mayenne",
    "region": "Pays de la Loire",
    "lat": 47.83,
    "lng": -0.7,
    "hasRealData": true,
    "effectif_actuel": 300
  },
  {
    "id": "chateaubriant",
    "name": "Châteaubriant",
    "departement_code": "44",
    "departement_nom": "Loire-Atlantique",
    "region": "Pays de la Loire",
    "lat": 47.72,
    "lng": -1.37,
    "hasRealData": true,
    "effectif_actuel": 150
  },
  {
    "id": "chemille",
    "name": "Chemillé",
    "departement_code": "49",
    "departement_nom": "Maine-et-Loire",
    "region": "Pays de la Loire",
    "lat": 47.22,
    "lng": -0.73,
    "hasRealData": true,
    "effectif_actuel": 298
  },
  {
    "id": "cholet",
    "name": "Cholet",
    "departement_code": "49",
    "departement_nom": "Maine-et-Loire",
    "region": "Pays de la Loire",
    "lat": 47.06,
    "lng": -0.88,
    "hasRealData": true,
    "effectif_actuel": 282
  },
  {
    "id": "derval___blain",
    "name": "Derval-Blain",
    "departement_code": "44",
    "departement_nom": "Loire-Atlantique",
    "region": "Pays de la Loire",
    "lat": 47.68,
    "lng": -1.67,
    "hasRealData": true,
    "effectif_actuel": 505
  },
  {
    "id": "evron",
    "name": "Evron",
    "departement_code": "53",
    "departement_nom": "Mayenne",
    "region": "Pays de la Loire",
    "lat": 48.15,
    "lng": -0.4,
    "hasRealData": true,
    "effectif_actuel": 101
  },
  {
    "id": "gorges",
    "name": "Gorges",
    "departement_code": "44",
    "departement_nom": "Loire-Atlantique",
    "region": "Pays de la Loire",
    "lat": 47.098,
    "lng": -1.3,
    "hasRealData": true,
    "effectif_actuel": 544
  },
  {
    "id": "la_ferte_bernard",
    "name": "La Ferté-Bernard",
    "departement_code": "72",
    "departement_nom": "Sarthe",
    "region": "Pays de la Loire",
    "lat": 48.19,
    "lng": 0.65,
    "hasRealData": true,
    "effectif_actuel": 214
  },
  {
    "id": "la_roche_sur_yon",
    "name": "Établières",
    "departement_code": "85",
    "departement_nom": "Vendée",
    "region": "Pays de la Loire",
    "lat": 46.67,
    "lng": -1.43,
    "hasRealData": true,
    "effectif_actuel": 466
  },
  {
    "id": "le_landreau",
    "name": "Le Landreau",
    "departement_code": "44",
    "departement_nom": "Loire-Atlantique",
    "region": "Pays de la Loire",
    "lat": 47.19,
    "lng": -1.27,
    "hasRealData": true,
    "effectif_actuel": 730
  },
  {
    "id": "le_pellerin",
    "name": "Le Pellerin",
    "departement_code": "44",
    "departement_nom": "Loire-Atlantique",
    "region": "Pays de la Loire",
    "lat": 47.2,
    "lng": -1.76,
    "hasRealData": true,
    "effectif_actuel": 285
  },
  {
    "id": "les_ponts_de_ce",
    "name": "Les Ponts-de-Cé",
    "departement_code": "49",
    "departement_nom": "Maine-et-Loire",
    "region": "Pays de la Loire",
    "lat": 47.43,
    "lng": -0.52,
    "hasRealData": true,
    "effectif_actuel": 507
  },
  {
    "id": "machecoul",
    "name": "Machecoul",
    "departement_code": "44",
    "departement_nom": "Loire-Atlantique",
    "region": "Pays de la Loire",
    "lat": 46.99,
    "lng": -1.82,
    "hasRealData": true,
    "effectif_actuel": 346
  },
  {
    "id": "mayenne",
    "name": "Mayenne",
    "departement_code": "53",
    "departement_nom": "Mayenne",
    "region": "Pays de la Loire",
    "lat": 48.3,
    "lng": -0.62,
    "hasRealData": true,
    "effectif_actuel": 420
  },
  {
    "id": "nort_sur_erdre",
    "name": "Nort-sur-Erdre",
    "departement_code": "44",
    "departement_nom": "Loire-Atlantique",
    "region": "Pays de la Loire",
    "lat": 47.44,
    "lng": -1.5,
    "hasRealData": true,
    "effectif_actuel": 242
  },
  {
    "id": "ruille_sur_loir",
    "name": "Ruillé-sur-Loir",
    "departement_code": "72",
    "departement_nom": "Sarthe",
    "region": "Pays de la Loire",
    "lat": 47.74,
    "lng": 0.55,
    "hasRealData": true,
    "effectif_actuel": 129
  },
  {
    "id": "sable_sur_sarthe",
    "name": "Sablé-sur-Sarthe",
    "departement_code": "72",
    "departement_nom": "Sarthe",
    "region": "Pays de la Loire",
    "lat": 47.84,
    "lng": -0.33,
    "hasRealData": true,
    "effectif_actuel": 309
  },
  {
    "id": "saint_gildas_des_bois",
    "name": "Saint-Gildas-des-Bois",
    "departement_code": "44",
    "departement_nom": "Loire-Atlantique",
    "region": "Pays de la Loire",
    "lat": 47.515,
    "lng": -1.98,
    "hasRealData": true,
    "effectif_actuel": 380
  },
  {
    "id": "saint_molf",
    "name": "Saint-Molf",
    "departement_code": "44",
    "departement_nom": "Loire-Atlantique",
    "region": "Pays de la Loire",
    "lat": 47.38,
    "lng": -2.42,
    "hasRealData": true,
    "effectif_actuel": 201
  }
]